[
  {
    "baseType": 22,
    "name": "affected_locations",
    "description": "",
    "helpText": "",
    "isSystem": false,
    "values": [
      {
        "value": "Atlanta",
        "isDefault": false,
        "isVisible": true
      },
      {
        "value": "Boston",
        "isDefault": false,
        "isVisible": true
      },
      {
        "value": "Charlotte",
        "isDefault": false,
        "isVisible": true
      },
      {
        "value": "Chattanooga",
        "isDefault": false,
        "isVisible": true
      },
      {
        "value": "Dallas",
        "isDefault": false,
        "isVisible": true
      },
      {
        "value": "Los Angeles",
        "isDefault": false,
        "isVisible": true
      },
      {
        "value": "Philadelphia",
        "isDefault": false,
        "isVisible": true
      },
      {
        "value": "New York",
        "isDefault": false,
        "isVisible": true
      },
      {
        "value": "San Francisco",
        "isDefault": false,
        "isVisible": true
      },
      {
        "value": "Seattle",
        "isDefault": false,
        "isVisible": true
      },
      {
        "value": "Washington",
        "isDefault": false,
        "isVisible": true
      }
    ]
  },
  {
    "baseType": 22,
    "name": "affected_services",
    "description": "",
    "helpText": "",
    "isSystem": false,
    "values": [
      {
        "value": "Citrix - VDI",
        "isDefault": false,
        "isVisible": true
      },
      {
        "value": "Helpdesk",
        "isDefault": false,
        "isVisible": true
      },
      {
        "value": "Kronos Workforce Management",
        "isDefault": false,
        "isVisible": true
      },
      {
        "value": "Kronos Workforce Timekeeper",
        "isDefault": false,
        "isVisible": true
      },
      {
        "value": "Oracle Demand Management",
        "isDefault": false,
        "isVisible": true
      },
      {
        "value": "Oracle Financials",
        "isDefault": false,
        "isVisible": true
      },
      {
        "value": "Oracle HR Analytics",
        "isDefault": false,
        "isVisible": true
      },
      {
        "value": "Oracle Hyperion",
        "isDefault": false,
        "isVisible": true
      },
      {
        "value": "Oracle iProcurement",
        "isDefault": false,
        "isVisible": true
      },
      {
        "value": "Payment Gateway",
        "isDefault": false,
        "isVisible": true
      },
      {
        "value": "Peoplesoft",
        "isDefault": false,
        "isVisible": true
      },
      {
        "value": "SAP Corporate Governance",
        "isDefault": false,
        "isVisible": true
      },
      {
        "value": "Trading",
        "isDefault": false,
        "isVisible": true
      },
      {
        "value": "Web Portal - Account Management",
        "isDefault": false,
        "isVisible": true
      },
      {
        "value": "Web Portal - Dashboard",
        "isDefault": false,
        "isVisible": true
      }
    ]
  },
  {
    "baseType": 3,
    "name": "assigned_to",
    "defaultValue": "",
    "description": "",
    "helpText": "",
    "isSystem": false,
    "minLength": 0,
    "maxLength": 255,
    "validationRegex": "",
    "isValidate": false
  },
  {
    "baseType": 3,
    "name": "assignment_group",
    "defaultValue": "",
    "description": "",
    "helpText": "",
    "isSystem": false,
    "minLength": 0,
    "maxLength": 255,
    "validationRegex": "",
    "isValidate": false
  },
  {
    "baseType": 3,
    "name": "caller_id",
    "defaultValue": "",
    "description": "",
    "helpText": "",
    "isSystem": false,
    "minLength": 0,
    "maxLength": 255,
    "validationRegex": "",
    "isValidate": false
  },
  {
    "baseType": 3,
    "name": "category",
    "defaultValue": "",
    "description": "",
    "helpText": "",
    "isSystem": false,
    "minLength": 0,
    "maxLength": 255,
    "validationRegex": "",
    "isValidate": false
  },
  {
    "baseType": 3,
    "name": "cmdb_ci",
    "defaultValue": "",
    "description": "",
    "helpText": "",
    "isSystem": false,
    "minLength": 0,
    "maxLength": 255,
    "validationRegex": "",
    "isValidate": false
  },
  {
    "baseType": 22,
    "name": "configuration_item_list",
    "description": "A list type of the configuration_item property. This is better suited to subscriptions based on this value. ",
    "helpText": "",
    "isSystem": false,
    "values": [
      {
        "value": "None",
        "isDefault": false,
        "isVisible": true
      }
    ]
  },
  {
    "baseType": 3,
    "name": "contact_type",
    "defaultValue": "",
    "description": "",
    "helpText": "",
    "isSystem": false,
    "minLength": 0,
    "maxLength": 255,
    "validationRegex": "",
    "isValidate": false
  },
  {
    "baseType": 3,
    "name": "end_time",
    "defaultValue": "",
    "description": "",
    "helpText": "",
    "isSystem": false,
    "minLength": 0,
    "maxLength": 50,
    "validationRegex": "",
    "isValidate": false
  },
  {
    "baseType": 3,
    "name": "impact",
    "defaultValue": "",
    "description": "",
    "helpText": "",
    "isSystem": false,
    "minLength": 0,
    "maxLength": 2000,
    "validationRegex": "",
    "isValidate": false
  },
  {
    "baseType": 3,
    "name": "incident_state",
    "defaultValue": "",
    "description": "",
    "helpText": "",
    "isSystem": false,
    "minLength": 0,
    "maxLength": 255,
    "validationRegex": "",
    "isValidate": false
  },
  {
    "baseType": 3,
    "name": "inform_bridge_icon_style",
    "defaultValue": "",
    "description": "",
    "helpText": "",
    "isSystem": false,
    "minLength": 0,
    "maxLength": 200,
    "validationRegex": "",
    "isValidate": false
  },
  {
    "baseType": 3,
    "name": "inform_bridge_text_style",
    "defaultValue": "",
    "description": "",
    "helpText": "",
    "isSystem": false,
    "minLength": 0,
    "maxLength": 200,
    "validationRegex": "",
    "isValidate": false
  },
  {
    "baseType": 3,
    "name": "inform_business_impact",
    "defaultValue": "",
    "description": "",
    "helpText": "",
    "isSystem": false,
    "minLength": 0,
    "maxLength": 2000,
    "validationRegex": "",
    "isValidate": false
  },
  {
    "baseType": 3,
    "name": "inform_initial_icon_style",
    "defaultValue": "",
    "description": "",
    "helpText": "",
    "isSystem": false,
    "minLength": 0,
    "maxLength": 200,
    "validationRegex": "",
    "isValidate": false
  },
  {
    "baseType": 3,
    "name": "inform_initial_text_style",
    "defaultValue": "",
    "description": "",
    "helpText": "",
    "isSystem": false,
    "minLength": 0,
    "maxLength": 200,
    "validationRegex": "",
    "isValidate": false
  },
  {
    "baseType": 3,
    "name": "inform_record_sysid",
    "defaultValue": "",
    "description": "",
    "helpText": "",
    "isSystem": false,
    "minLength": 0,
    "maxLength": 300,
    "validationRegex": "",
    "isValidate": false
  },
  {
    "baseType": 3,
    "name": "inform_resolved_icon_style",
    "defaultValue": "",
    "description": "",
    "helpText": "",
    "isSystem": false,
    "minLength": 0,
    "maxLength": 200,
    "validationRegex": "",
    "isValidate": false
  },
  {
    "baseType": 3,
    "name": "inform_resolved_text_style",
    "defaultValue": "",
    "description": "",
    "helpText": "",
    "isSystem": false,
    "minLength": 0,
    "maxLength": 200,
    "validationRegex": "",
    "isValidate": false
  },
  {
    "baseType": 3,
    "name": "inform_update_icon_style",
    "defaultValue": "",
    "description": "",
    "helpText": "",
    "isSystem": false,
    "minLength": 0,
    "maxLength": 200,
    "validationRegex": "",
    "isValidate": false
  },
  {
    "baseType": 3,
    "name": "inform_update_text_style",
    "defaultValue": "",
    "description": "",
    "helpText": "",
    "isSystem": false,
    "minLength": 0,
    "maxLength": 200,
    "validationRegex": "",
    "isValidate": false
  },
  {
    "baseType": 3,
    "name": "location",
    "defaultValue": "",
    "description": "",
    "helpText": "",
    "isSystem": false,
    "minLength": 0,
    "maxLength": 255,
    "validationRegex": "",
    "isValidate": false
  },
  {
    "baseType": 3,
    "name": "number",
    "defaultValue": "",
    "description": "",
    "helpText": "",
    "isSystem": false,
    "minLength": 0,
    "maxLength": 255,
    "validationRegex": "",
    "isValidate": false
  },
  {
    "baseType": 3,
    "name": "opened_at",
    "defaultValue": "",
    "description": "",
    "helpText": "",
    "isSystem": false,
    "minLength": 0,
    "maxLength": 255,
    "validationRegex": "",
    "isValidate": false
  },
  {
    "baseType": 3,
    "name": "opened_by",
    "defaultValue": "",
    "description": "",
    "helpText": "",
    "isSystem": false,
    "minLength": 0,
    "maxLength": 255,
    "validationRegex": "",
    "isValidate": false
  },
  {
    "baseType": 3,
    "name": "priority",
    "defaultValue": "",
    "description": "",
    "helpText": "",
    "isSystem": false,
    "minLength": 0,
    "maxLength": 255,
    "validationRegex": "",
    "isValidate": false
  },
  {
    "baseType": 7,
    "name": "servicenowpassword",
    "description": "",
    "helpText": "",
    "isSystem": false,
    "minLength": 0,
    "maxLength": 255,
    "validationRegex": "",
    "isValidate": false
  },
  {
    "baseType": 3,
    "name": "servicenowurl",
    "defaultValue": "https://url.not.configured",
    "description": "Specifies the encryption format used when\nconstructing the \"View Incident\" link.\nPopulates the $main.servicenow_encryption_format variable",
    "helpText": "",
    "isSystem": false,
    "minLength": 0,
    "maxLength": 200,
    "validationRegex": "",
    "isValidate": false
  },
  {
    "baseType": 3,
    "name": "servicenowuser",
    "defaultValue": "admin",
    "description": "Specifies the Service-now user used to authenticate against when communicating with Service-now.\n\nPopulates the $main.servicenow_username\nvariable.",
    "helpText": "",
    "isSystem": false,
    "minLength": 0,
    "maxLength": 255,
    "validationRegex": "",
    "isValidate": false
  },
  {
    "baseType": 3,
    "name": "severity",
    "defaultValue": "",
    "description": "",
    "helpText": "",
    "isSystem": false,
    "minLength": 0,
    "maxLength": 255,
    "validationRegex": "",
    "isValidate": false
  },
  {
    "baseType": 3,
    "name": "short_description",
    "defaultValue": "",
    "description": "",
    "helpText": "",
    "isSystem": false,
    "minLength": 0,
    "maxLength": 255,
    "validationRegex": "",
    "isValidate": false
  },
  {
    "baseType": 3,
    "name": "start_time",
    "defaultValue": "",
    "description": "",
    "helpText": "",
    "isSystem": false,
    "minLength": 0,
    "maxLength": 50,
    "validationRegex": "",
    "isValidate": false
  },
  {
    "baseType": 3,
    "name": "subcategory",
    "defaultValue": "",
    "description": "",
    "helpText": "",
    "isSystem": false,
    "minLength": 0,
    "maxLength": 255,
    "validationRegex": "",
    "isValidate": false
  },
  {
    "baseType": 3,
    "name": "sys_id",
    "defaultValue": "",
    "description": "",
    "helpText": "",
    "isSystem": false,
    "minLength": 0,
    "maxLength": 255,
    "validationRegex": "",
    "isValidate": false
  },
  {
    "baseType": 3,
    "name": "task_assigned_to",
    "defaultValue": "",
    "description": "",
    "helpText": "",
    "isSystem": false,
    "minLength": 0,
    "maxLength": 30,
    "validationRegex": "",
    "isValidate": false
  },
  {
    "baseType": 3,
    "name": "task_assignment_group",
    "defaultValue": "",
    "description": "",
    "helpText": "",
    "isSystem": false,
    "minLength": 0,
    "maxLength": 30,
    "validationRegex": "",
    "isValidate": false
  },
  {
    "baseType": 3,
    "name": "task_cmdb_ci",
    "defaultValue": "",
    "description": "",
    "helpText": "",
    "isSystem": false,
    "minLength": 0,
    "maxLength": 100,
    "validationRegex": "",
    "isValidate": false
  },
  {
    "baseType": 3,
    "name": "task_escalation",
    "defaultValue": "",
    "description": "",
    "helpText": "",
    "isSystem": false,
    "minLength": 0,
    "maxLength": 30,
    "validationRegex": "",
    "isValidate": false
  },
  {
    "baseType": 3,
    "name": "task_message",
    "defaultValue": "",
    "description": "",
    "helpText": "",
    "isSystem": false,
    "minLength": 0,
    "maxLength": 2000,
    "validationRegex": "",
    "isValidate": false
  },
  {
    "baseType": 3,
    "name": "task_message_subject",
    "defaultValue": "",
    "description": "",
    "helpText": "",
    "isSystem": false,
    "minLength": 0,
    "maxLength": 200,
    "validationRegex": "",
    "isValidate": false
  },
  {
    "baseType": 3,
    "name": "task_number",
    "defaultValue": "",
    "description": "",
    "helpText": "",
    "isSystem": false,
    "minLength": 0,
    "maxLength": 30,
    "validationRegex": "",
    "isValidate": false
  },
  {
    "baseType": 3,
    "name": "task_priority",
    "defaultValue": "",
    "description": "",
    "helpText": "",
    "isSystem": false,
    "minLength": 0,
    "maxLength": 30,
    "validationRegex": "",
    "isValidate": false
  },
  {
    "baseType": 3,
    "name": "task_state",
    "defaultValue": "",
    "description": "",
    "helpText": "",
    "isSystem": false,
    "minLength": 0,
    "maxLength": 30,
    "validationRegex": "",
    "isValidate": false
  },
  {
    "baseType": 3,
    "name": "task_sys_id",
    "defaultValue": "",
    "description": "",
    "helpText": "",
    "isSystem": false,
    "minLength": 0,
    "maxLength": 32,
    "validationRegex": "",
    "isValidate": false
  },
  {
    "baseType": 3,
    "name": "trigger",
    "defaultValue": "",
    "description": "",
    "helpText": "",
    "isSystem": false,
    "minLength": 0,
    "maxLength": 255,
    "validationRegex": "",
    "isValidate": false
  },
  {
    "baseType": 3,
    "name": "update",
    "defaultValue": "",
    "description": "",
    "helpText": "",
    "isSystem": false,
    "minLength": 0,
    "maxLength": 2000,
    "validationRegex": "",
    "isValidate": false
  },
  {
    "baseType": 21,
    "name": "update_type",
    "description": "",
    "helpText": "",
    "isSystem": false,
    "values": [
      {
        "value": "Initial",
        "isDefault": false,
        "isVisible": true
      },
      {
        "value": "Bridge",
        "isDefault": false,
        "isVisible": true
      },
      {
        "value": "Update",
        "isDefault": false,
        "isVisible": true
      },
      {
        "value": "Resolved",
        "isDefault": false,
        "isVisible": true
      }
    ]
  },
  {
    "baseType": 3,
    "name": "urgency",
    "defaultValue": "",
    "description": "",
    "helpText": "",
    "isSystem": false,
    "minLength": 0,
    "maxLength": 30,
    "validationRegex": "",
    "isValidate": false
  },
  {
    "baseType": 3,
    "name": "xmatters_url",
    "defaultValue": "",
    "description": "",
    "helpText": "",
    "isSystem": false,
    "minLength": 0,
    "maxLength": 255,
    "validationRegex": "",
    "isValidate": false
  }
]