{
  "integrations": [
    {
      "id": "7e6454cb-8546-4e8c-8a74-e33761569a13",
      "name": "Inform with xMatters",
      "action": "CREATE_EVENT",
      "type": "INBOUND_WEBHOOK",
      "deployed": true,
      "form": "894e684d-61a7-4fcf-ace0-a4cee35c1b0a",
      "script": "\nACTIVE_ICON_STYLE   = \"visibility: display; font-size: 60px; color:red;   text-shadow: 2px 2px 4px #000000;\";\nINACTIVE_ICON_STYLE = \"visibility: display; font-size: 60px; color:maroon;text-shadow: 2px 2px 4px #000000;\";\nACTIVE_TEXT_STYLE   = \"font-weight: bold\";\nINACTIVE_TEXT_STYLE = \"font-weight: normal\";\n\n\n\n\n\nvar data = JSON.parse(request.body);\nvar update_type = data.properties.update_type.toLowerCase();\n\ndata.properties.start_time         = data.properties.first_reported;\ndata.properties.affected_services  = data.properties.services.split( \";\");\ndata.properties.affected_locations = data.properties.locations.split( \";\" );\ndata.properties.inform_business_impact = data.properties.business_impact;\n\n// Set them all to inactive\ndata.properties[ 'inform_initial_icon_style' ]  = INACTIVE_ICON_STYLE;\ndata.properties[ 'inform_bridge_icon_style' ]   = INACTIVE_ICON_STYLE;\ndata.properties[ 'inform_update_icon_style' ]   = INACTIVE_ICON_STYLE;\ndata.properties[ 'inform_resolved_icon_style' ] = INACTIVE_ICON_STYLE;\n\ndata.properties[ 'inform_initial_text_style' ]  = INACTIVE_TEXT_STYLE;\ndata.properties[ 'inform_bridge_text_style' ]   = INACTIVE_TEXT_STYLE;\ndata.properties[ 'inform_update_text_style' ]   = INACTIVE_TEXT_STYLE;\ndata.properties[ 'inform_resolved_text_style' ] = INACTIVE_TEXT_STYLE;\n\n\n// Set only the active one active\ndata.properties[ 'inform_' + update_type + '_icon_style' ] = ACTIVE_ICON_STYLE;\ndata.properties[ 'inform_' + update_type + '_text_style' ] = ACTIVE_TEXT_STYLE;\n\n\n\n\nvar eventId = form.post( data );\n",
      "environment": "HOSTED"
    }
  ],
  "endpoints": [
    {
      "name": "ServiceNow",
      "baseUrl": "https://instance.service-now.com",
      "type": "EXTERNAL",
      "authentication": "NO_AUTH"
    }
  ],
  "constants": [
    {
      "name": "ServiceNow xMatters Application Prefix",
      "value": "x_xma_xmatters",
      "description": "The prefix applied to all pieces of the xMatters Application within ServiceNow"
    }
  ]
}