{
  "integrations": [
    {
      "id": "7c7fcc07-0f47-4d85-a6e8-ba0b7e37ed8a",
      "name": "Conference Bridge - Outbound Delivery",
      "action": "RUN_SCRIPT",
      "type": "OUTBOUND_WEBHOOK",
      "triggeredBy": "DELIVERYSTATUS",
      "deployed": true,
      "form": "faf6d0ed-0b30-4b1f-bf12-5821a3fcca85",
      "script": "var callback = JSON.parse(request.body);\nvar snow_prefix = constants[ 'ServiceNow xMatters Application Prefix' ];\nconsole.log('Executing outbound integration for xMatters event ID: ' + callback.eventIdentifier);\n\nvar type = 'deliveryStatus';\ncallback.mode = type;\nvar snowRequest = http.request({ \n    endpoint: 'ServiceNow',\n    method: 'POST',\n    path: '/api/' + snow_prefix + '/xm/engage?type=' + type\n});\nvar response = snowRequest.write( callback );\nconsole.log( JSON.stringify( response ) );\nif( response.statusCode >= 200 && response.statusCode < 300 ) {\n    console.log( 'Successful callback to ServiceNow' );\n} else {\n    console.log( 'Failed callback to ServiceNow' );\n    throw 'Failed callback to ServiceNow';\n}",
      "environment": "HOSTED"
    },
    {
      "id": "4c6dacc1-b488-4dcc-b562-92c5e3730b3d",
      "name": "Conference Bridge - Outbound Response",
      "action": "RUN_SCRIPT",
      "type": "OUTBOUND_WEBHOOK",
      "triggeredBy": "RESPONSE",
      "deployed": true,
      "form": "faf6d0ed-0b30-4b1f-bf12-5821a3fcca85",
      "script": "var callback = JSON.parse(request.body);\nvar snow_prefix = constants[ 'ServiceNow xMatters Application Prefix' ];\nconsole.log('Executing outbound integration for xMatters event ID: ' + callback.eventIdentifier);\n\nvar type = 'response';\ncallback.mode = type;\nvar snowRequest = http.request({ \n    endpoint: 'ServiceNow',\n    method: 'POST',\n    path: '/api/' + snow_prefix + '/xm/engage?type=' + type\n});\nvar response = snowRequest.write( callback );\nconsole.log( JSON.stringify( response ) );\nif( response.statusCode >= 200 && response.statusCode < 300 ) {\n    console.log( 'Successful callback to ServiceNow' );\n} else {\n    console.log( 'Failed callback to ServiceNow' );\n    throw 'Failed callback to ServiceNow';\n}",
      "environment": "HOSTED"
    },
    {
      "id": "4c7ba44e-2c1d-4a09-b435-59896cb28519",
      "name": "Conference Bridge - Outbound Status",
      "action": "RUN_SCRIPT",
      "type": "OUTBOUND_WEBHOOK",
      "triggeredBy": "STATUS",
      "deployed": true,
      "form": "faf6d0ed-0b30-4b1f-bf12-5821a3fcca85",
      "script": "var callback = JSON.parse(request.body);\nvar snow_prefix = constants[ 'ServiceNow xMatters Application Prefix' ];\nconsole.log('Executing outbound integration for xMatters event ID: ' + callback.eventIdentifier);\n\nvar type = 'status';\ncallback.mode = type;\nvar snowRequest = http.request({ \n    endpoint: 'ServiceNow',\n    method: 'POST',\n    path: '/api/' + snow_prefix + '/xm/engage?type=' + type\n});\nvar response = snowRequest.write( callback );\nconsole.log( JSON.stringify( response ) );\nif( response.statusCode >= 200 && response.statusCode < 300 ) {\n    console.log( 'Successful callback to ServiceNow' );\n} else {\n    console.log( 'Failed callback to ServiceNow' );\n    throw 'Failed callback to ServiceNow';\n}",
      "environment": "HOSTED"
    },
    {
      "id": "1914208c-339b-4108-b0bf-240834b5bd89",
      "name": "Engage with xMatters - Outbound Delivery",
      "action": "RUN_SCRIPT",
      "type": "OUTBOUND_WEBHOOK",
      "triggeredBy": "DELIVERYSTATUS",
      "deployed": true,
      "form": "dea1cdbc-01c8-45c5-8dc9-473c60f2630e",
      "script": "var callback = JSON.parse(request.body);\nvar snow_prefix = constants[ 'ServiceNow xMatters Application Prefix' ];\nconsole.log('Executing outbound integration for xMatters event ID: ' + callback.eventIdentifier);\n\nvar type = 'deliveryStatus';\ncallback.mode = type;\nvar snowRequest = http.request({ \n    endpoint: 'ServiceNow',\n    method: 'POST',\n    path: '/api/' + snow_prefix + '/xm/engage?type=' + type\n});\nvar response = snowRequest.write( callback );\nconsole.log( JSON.stringify( response ) );\nif( response.statusCode >= 200 && response.statusCode < 300 ) {\n    console.log( 'Successful callback to ServiceNow' );\n} else {\n    console.log( 'Failed callback to ServiceNow' );\n    throw 'Failed callback to ServiceNow';\n}",
      "environment": "HOSTED"
    },
    {
      "id": "88672983-9c6b-4d97-b9fb-c3fff4c1055b",
      "name": "Engage with xMatters - Outbound Response",
      "action": "RUN_SCRIPT",
      "type": "OUTBOUND_WEBHOOK",
      "triggeredBy": "RESPONSE",
      "deployed": true,
      "form": "dea1cdbc-01c8-45c5-8dc9-473c60f2630e",
      "script": "var callback = JSON.parse(request.body);\nvar snow_prefix = constants[ 'ServiceNow xMatters Application Prefix' ];\nconsole.log('Executing outbound integration for xMatters event ID: ' + callback.eventIdentifier);\n\nvar type = 'response';\ncallback.mode = type;\nvar snowRequest = http.request({ \n    endpoint: 'ServiceNow',\n    method: 'POST',\n    path: '/api/' + snow_prefix + '/xm/engage?type=' + type\n});\nvar response = snowRequest.write( callback );\nconsole.log( JSON.stringify( response ) );\nif( response.statusCode >= 200 && response.statusCode < 300 ) {\n    console.log( 'Successful callback to ServiceNow' );\n} else {\n    console.log( 'Failed callback to ServiceNow' );\n    throw 'Failed callback to ServiceNow';\n}",
      "environment": "HOSTED"
    },
    {
      "id": "ce8ec84f-a5cb-45ac-b9d5-12469d85f9e8",
      "name": "Engage with xMatters - Outbound Status",
      "action": "RUN_SCRIPT",
      "type": "OUTBOUND_WEBHOOK",
      "triggeredBy": "STATUS",
      "deployed": true,
      "form": "dea1cdbc-01c8-45c5-8dc9-473c60f2630e",
      "script": "var callback = JSON.parse(request.body);\nvar snow_prefix = constants[ 'ServiceNow xMatters Application Prefix' ];\nconsole.log('Executing outbound integration for xMatters event ID: ' + callback.eventIdentifier);\n\nvar type = 'status';\ncallback.mode = type;\nvar snowRequest = http.request({ \n    endpoint: 'ServiceNow',\n    method: 'POST',\n    path: '/api/' + snow_prefix + '/xm/engage?type=' + type\n});\nvar response = snowRequest.write( callback );\nconsole.log( JSON.stringify( response ) );\nif( response.statusCode >= 200 && response.statusCode < 300 ) {\n    console.log( 'Successful callback to ServiceNow' );\n} else {\n    console.log( 'Failed callback to ServiceNow' );\n    throw 'Failed callback to ServiceNow';\n}",
      "environment": "HOSTED"
    },
    {
      "id": "28d8d0d9-9ca6-4932-bb28-433a276be2a5",
      "name": "Incident Alerts - Outbound Delivery",
      "action": "RUN_SCRIPT",
      "type": "OUTBOUND_WEBHOOK",
      "triggeredBy": "DELIVERYSTATUS",
      "deployed": true,
      "form": "a3083845-3b78-4ae8-9a92-cdd637a324a8",
      "script": "var callback = JSON.parse(request.body);\nvar snow_prefix = constants[ 'ServiceNow xMatters Application Prefix' ];\nconsole.log('Executing outbound integration for xMatters event ID: ' + callback.eventIdentifier);\n\nvar type = 'deliveryStatus';\ncallback.mode = type;\nvar snowRequest = http.request({ \n    endpoint: 'ServiceNow',\n    method: 'POST',\n    path: '/api/' + snow_prefix + '/xm/incident?type=' + type\n});\nvar response = snowRequest.write( callback );\nconsole.log( JSON.stringify( response ) );\nif( response.statusCode >= 200 && response.statusCode < 300 ) {\n    console.log( 'Successful callback to ServiceNow' );\n} else {\n    console.log( 'Failed callback to ServiceNow' );\n    throw 'Failed callback to ServiceNow';\n}",
      "environment": "HOSTED"
    },
    {
      "id": "aaab708c-c3ac-44ec-8a5e-52492751175b",
      "name": "Incident Alerts - Outbound Response",
      "action": "RUN_SCRIPT",
      "type": "OUTBOUND_WEBHOOK",
      "triggeredBy": "RESPONSE",
      "deployed": true,
      "form": "a3083845-3b78-4ae8-9a92-cdd637a324a8",
      "script": "var callback = JSON.parse(request.body);\nvar snow_prefix = constants[ 'ServiceNow xMatters Application Prefix' ];\nconsole.log('Executing outbound integration for xMatters event ID: ' + callback.eventIdentifier);\n\nvar type = 'response';\ncallback.mode = type;\nvar snowRequest = http.request({ \n    endpoint: 'ServiceNow',\n    method: 'POST',\n    path: '/api/' + snow_prefix + '/xm/incident?type=' + type\n});\nvar response = snowRequest.write( callback );\nconsole.log( JSON.stringify( response ) );\nif( response.statusCode >= 200 && response.statusCode < 300 ) {\n    console.log( 'Successful callback to ServiceNow' );\n} else {\n    console.log( 'Failed callback to ServiceNow' );\n    throw 'Failed callback to ServiceNow';\n}",
      "environment": "HOSTED"
    },
    {
      "id": "ed853cb3-07af-48b8-a02e-d80743a3b843",
      "name": "Incident Alerts - Outbound Status",
      "action": "RUN_SCRIPT",
      "type": "OUTBOUND_WEBHOOK",
      "triggeredBy": "STATUS",
      "deployed": true,
      "form": "a3083845-3b78-4ae8-9a92-cdd637a324a8",
      "script": "var callback = JSON.parse(request.body);\nvar snow_prefix = constants[ 'ServiceNow xMatters Application Prefix' ];\nconsole.log('Executing outbound integration for xMatters event ID: ' + callback.eventIdentifier);\n\nvar type = 'status';\ncallback.mode = type;\nvar snowRequest = http.request({ \n    endpoint: 'ServiceNow',\n    method: 'POST',\n    path: '/api/' + snow_prefix + '/xm/incident?type=' + type\n});\nvar response = snowRequest.write( callback );\nconsole.log( JSON.stringify( response ) );\nif( response.statusCode >= 200 && response.statusCode < 300 ) {\n    console.log( 'Successful callback to ServiceNow' );\n} else {\n    console.log( 'Failed callback to ServiceNow' );\n    throw 'Failed callback to ServiceNow';\n}",
      "environment": "HOSTED"
    },
    {
      "id": "090700d0-d28d-461b-9fe3-3e65fe41e6fc",
      "name": "Inform with xMatters",
      "action": "CREATE_EVENT",
      "type": "INBOUND_WEBHOOK",
      "deployed": true,
      "form": "9b09ada1-fa93-433b-8e16-95b0f20bd5ed",
      "script": "\nACTIVE_ICON_STYLE   = \"visibility: display; font-size: 60px; color:red;   text-shadow: 2px 2px 4px #000000;\";\nINACTIVE_ICON_STYLE = \"visibility: display; font-size: 60px; color:maroon;text-shadow: 2px 2px 4px #000000;\";\nACTIVE_TEXT_STYLE   = \"font-weight: bold\";\nINACTIVE_TEXT_STYLE = \"font-weight: normal\";\n\n\n\n\n\nvar data = JSON.parse(request.body);\nvar update_type = data.properties.update_type.toLowerCase();\n\ndata.properties.start_time         = data.properties.first_reported;\ndata.properties.affected_services  = data.properties.services.split( \";\");\ndata.properties.affected_locations = data.properties.locations.split( \";\" );\ndata.properties.inform_business_impact = data.properties.business_impact;\n\n// Set them all to inactive\ndata.properties[ 'inform_initial_icon_style' ]  = INACTIVE_ICON_STYLE;\ndata.properties[ 'inform_bridge_icon_style' ]   = INACTIVE_ICON_STYLE;\ndata.properties[ 'inform_update_icon_style' ]   = INACTIVE_ICON_STYLE;\ndata.properties[ 'inform_resolved_icon_style' ] = INACTIVE_ICON_STYLE;\n\ndata.properties[ 'inform_initial_text_style' ]  = INACTIVE_TEXT_STYLE;\ndata.properties[ 'inform_bridge_text_style' ]   = INACTIVE_TEXT_STYLE;\ndata.properties[ 'inform_update_text_style' ]   = INACTIVE_TEXT_STYLE;\ndata.properties[ 'inform_resolved_text_style' ] = INACTIVE_TEXT_STYLE;\n\n\n// Set only the active one active\ndata.properties[ 'inform_' + update_type + '_icon_style' ] = ACTIVE_ICON_STYLE;\ndata.properties[ 'inform_' + update_type + '_text_style' ] = ACTIVE_TEXT_STYLE;\n\n\n\n\nvar eventId = form.post( data );\n",
      "environment": "HOSTED"
    }
  ],
  "endpoints": [
    {
      "name": "ServiceNow",
      "baseUrl": "https://instance.service-now.com",
      "type": "EXTERNAL",
      "authentication": "NO_AUTH"
    }
  ],
  "constants": [
    {
      "name": "ServiceNow xMatters Application Prefix",
      "value": "x_xma_xmatters",
      "description": "The prefix applied to all pieces of the xMatters Application within ServiceNow"
    }
  ]
}