[
  {
    "baseType": 22,
    "name": "affected_locations",
    "description": "",
    "helpText": "",
    "isSystem": false,
    "values": [
      {
        "value": "Atlanta",
        "isDefault": false,
        "isVisible": true
      },
      {
        "value": "Boston",
        "isDefault": false,
        "isVisible": true
      },
      {
        "value": "Charlotte",
        "isDefault": false,
        "isVisible": true
      },
      {
        "value": "Chattanooga",
        "isDefault": false,
        "isVisible": true
      },
      {
        "value": "Dallas",
        "isDefault": false,
        "isVisible": true
      },
      {
        "value": "Los Angeles",
        "isDefault": false,
        "isVisible": true
      },
      {
        "value": "Philadelphia",
        "isDefault": false,
        "isVisible": true
      },
      {
        "value": "New York",
        "isDefault": false,
        "isVisible": true
      },
      {
        "value": "San Francisco",
        "isDefault": false,
        "isVisible": true
      },
      {
        "value": "Seattle",
        "isDefault": false,
        "isVisible": true
      },
      {
        "value": "Washington",
        "isDefault": false,
        "isVisible": true
      }
    ]
  },
  {
    "baseType": 22,
    "name": "affected_services",
    "description": "",
    "helpText": "",
    "isSystem": false,
    "values": [
      {
        "value": "Citrix - VDI",
        "isDefault": false,
        "isVisible": true
      },
      {
        "value": "Helpdesk",
        "isDefault": false,
        "isVisible": true
      },
      {
        "value": "Kronos Workforce Management",
        "isDefault": false,
        "isVisible": true
      },
      {
        "value": "Kronos Workforce Timekeeper",
        "isDefault": false,
        "isVisible": true
      },
      {
        "value": "Oracle Demand Management",
        "isDefault": false,
        "isVisible": true
      },
      {
        "value": "Oracle Financials",
        "isDefault": false,
        "isVisible": true
      },
      {
        "value": "Oracle HR Analytics",
        "isDefault": false,
        "isVisible": true
      },
      {
        "value": "Oracle Hyperion",
        "isDefault": false,
        "isVisible": true
      },
      {
        "value": "Oracle iProcurement",
        "isDefault": false,
        "isVisible": true
      },
      {
        "value": "Payment Gateway",
        "isDefault": false,
        "isVisible": true
      },
      {
        "value": "Peoplesoft",
        "isDefault": false,
        "isVisible": true
      },
      {
        "value": "SAP Corporate Governance",
        "isDefault": false,
        "isVisible": true
      },
      {
        "value": "Trading",
        "isDefault": false,
        "isVisible": true
      },
      {
        "value": "Web Portal - Account Management",
        "isDefault": false,
        "isVisible": true
      },
      {
        "value": "Web Portal - Dashboard",
        "isDefault": false,
        "isVisible": true
      }
    ]
  },
  {
    "baseType": 3,
    "name": "end_time",
    "defaultValue": "",
    "description": "",
    "helpText": "",
    "isSystem": false,
    "minLength": 0,
    "maxLength": 50,
    "validationRegex": "",
    "isValidate": false
  },
  {
    "baseType": 3,
    "name": "impact",
    "defaultValue": "",
    "description": "",
    "helpText": "",
    "isSystem": false,
    "minLength": 0,
    "maxLength": 2000,
    "validationRegex": "",
    "isValidate": false
  },
  {
    "baseType": 3,
    "name": "inform_bridge_icon_style",
    "defaultValue": "",
    "description": "",
    "helpText": "",
    "isSystem": false,
    "minLength": 0,
    "maxLength": 200,
    "validationRegex": "",
    "isValidate": false
  },
  {
    "baseType": 3,
    "name": "inform_bridge_text_style",
    "defaultValue": "",
    "description": "",
    "helpText": "",
    "isSystem": false,
    "minLength": 0,
    "maxLength": 200,
    "validationRegex": "",
    "isValidate": false
  },
  {
    "baseType": 3,
    "name": "inform_business_impact",
    "defaultValue": "",
    "description": "",
    "helpText": "",
    "isSystem": false,
    "minLength": 0,
    "maxLength": 2000,
    "validationRegex": "",
    "isValidate": false
  },
  {
    "baseType": 3,
    "name": "inform_initial_icon_style",
    "defaultValue": "",
    "description": "",
    "helpText": "",
    "isSystem": false,
    "minLength": 0,
    "maxLength": 200,
    "validationRegex": "",
    "isValidate": false
  },
  {
    "baseType": 3,
    "name": "inform_initial_text_style",
    "defaultValue": "",
    "description": "",
    "helpText": "",
    "isSystem": false,
    "minLength": 0,
    "maxLength": 200,
    "validationRegex": "",
    "isValidate": false
  },
  {
    "baseType": 3,
    "name": "inform_record_sysid",
    "defaultValue": "",
    "description": "",
    "helpText": "",
    "isSystem": false,
    "minLength": 0,
    "maxLength": 300,
    "validationRegex": "",
    "isValidate": false
  },
  {
    "baseType": 3,
    "name": "inform_resolved_icon_style",
    "defaultValue": "",
    "description": "",
    "helpText": "",
    "isSystem": false,
    "minLength": 0,
    "maxLength": 200,
    "validationRegex": "",
    "isValidate": false
  },
  {
    "baseType": 3,
    "name": "inform_resolved_text_style",
    "defaultValue": "",
    "description": "",
    "helpText": "",
    "isSystem": false,
    "minLength": 0,
    "maxLength": 200,
    "validationRegex": "",
    "isValidate": false
  },
  {
    "baseType": 3,
    "name": "inform_update_icon_style",
    "defaultValue": "",
    "description": "",
    "helpText": "",
    "isSystem": false,
    "minLength": 0,
    "maxLength": 200,
    "validationRegex": "",
    "isValidate": false
  },
  {
    "baseType": 3,
    "name": "inform_update_text_style",
    "defaultValue": "",
    "description": "",
    "helpText": "",
    "isSystem": false,
    "minLength": 0,
    "maxLength": 200,
    "validationRegex": "",
    "isValidate": false
  },
  {
    "baseType": 3,
    "name": "number",
    "defaultValue": "",
    "description": "",
    "helpText": "",
    "isSystem": false,
    "minLength": 0,
    "maxLength": 255,
    "validationRegex": "",
    "isValidate": false
  },
  {
    "baseType": 3,
    "name": "servicenowurl",
    "defaultValue": "https://url.not.configured",
    "description": "Specifies the encryption format used when\nconstructing the \"View Incident\" link.\nPopulates the $main.servicenow_encryption_format variable",
    "helpText": "",
    "isSystem": false,
    "minLength": 0,
    "maxLength": 200,
    "validationRegex": "",
    "isValidate": false
  },
  {
    "baseType": 3,
    "name": "start_time",
    "defaultValue": "",
    "description": "",
    "helpText": "",
    "isSystem": false,
    "minLength": 0,
    "maxLength": 50,
    "validationRegex": "",
    "isValidate": false
  },
  {
    "baseType": 3,
    "name": "update",
    "defaultValue": "",
    "description": "",
    "helpText": "",
    "isSystem": false,
    "minLength": 0,
    "maxLength": 2000,
    "validationRegex": "",
    "isValidate": false
  },
  {
    "baseType": 21,
    "name": "update_type",
    "description": "",
    "helpText": "",
    "isSystem": false,
    "values": [
      {
        "value": "Initial",
        "isDefault": false,
        "isVisible": true
      },
      {
        "value": "Bridge",
        "isDefault": false,
        "isVisible": true
      },
      {
        "value": "Update",
        "isDefault": false,
        "isVisible": true
      },
      {
        "value": "Resolved",
        "isDefault": false,
        "isVisible": true
      }
    ]
  }
]